{
    "loss": 18.61137580871582,
    "accuracy": 0.21875
}