{
    "loss": 20.25079345703125,
    "accuracy": 0.21875
}